a.async ;2
a.call ;2
a.children ;2
a.classname ;2
a.cmd ;4
a.demo ;1
a.demo:hover ;1
a.dfp ;4
a.dfp.targeting ;2
a.id ;4
a.innerhtml ;2
a.lineitemid ;2
a.load ;2
a.map ;2
a.options ;4
a.push ;2
a.replace ;2
a.servicename ;2
a.slot ;2
a.src ;2
a.sreevent ;4
a.style ;2
a.style.pointerevents ;2
a.style.position ;2
a.videolink ;1
a1c2d4ed1321 ;2
a:hover ;1
ab ;2
abd ;2
able ;1
about ;22
about_careers.htm ;1
about_privacy.htm ;1
above ;3
absolute ;4
abstraction ;1
ac ;1
academia ;2
academia.stackexchange.com ;2
academics ;10
accepted ;12
access ;4
achievements ;4
acknowledge ;4
acrobatics ;2
across ;2
action ;30
actions ;7
active ;10
activity ;6
ad ;2
add ;4
addcookie ;1
addlink ;4
address ;12
administrators ;12
adops.en.js ;2
ads ;2
adsbox ;2
advanced ;1
advertise ;2
advertisements ;2
advice ;2
afaan ;1
afrikaans ;1
after ;5
afterloginpage ;2
afterloginpage.asxml ;1
ago ;4
agreement ;2
ahmed ;2
ai ;12
aim ;1
airline ;4
ais ;3
ajax ;5
ajax.googleapis.com ;2
akan ;1
akt ;1
al ;2
alemannisch ;1
alertdialog ;2
aliaj ;1
align ;3
align:center ;2
align:middle ;1
all ;19
allowed ;2
allowurls ;2
already ;3
also ;4
alt ;21
alternate ;4
always ;2
am ;9
amateur ;4
amp ;20
analysis ;2
analytics.com ;1
android ;7
android.stackexchange.com ;2
animations ;2
anime ;4
anime.stackexchange.com ;2
anjfoqchxnyiaaaaanqxcwicaaaaagaaaaadaaaafgphdmf8c3nsfhdlymnsawvudhxodg1sdw5pdhwar7mv0lpdesdfsa ;1
ankle ;2
annotations ;3
anon ;4
anon.en.js ;2
anonymous ;2
another ;2
answer ;67
answercell ;2
answercount ;4
answered ;14
answerid ;2
answering ;4
answers ;36
answertab ;6
antenna ;2
any ;15
anybody ;2
anymore ;1
anyone ;2
api ;4
api.stackexchange.com ;2
app ;3
app_3_0 ;1
apple ;12
apple.stackexchange.com ;2
applet ;1
application ;15
applications ;4
approach ;1
appropriate ;1
apps ;6
aq ;2
aragon ;1
architecture ;8
arduino ;4
arduino.stackexchange.com ;2
area ;2
area51 ;2
aren ;1
arent ;1
args ;4
arguments ;4
arguments.length ;2
aria ;56
arial ;1
arm ;1
around ;6
arpitan ;1
arqade ;4
array.isarray ;2
arrow ;4
art ;3
articles ;8
artifacts ;1
artigos ;1
artikel ;1
artists ;2
arts ;8
ashour ;2
aside ;2
ask ;15
asked ;4
askubuntu ;3
askubuntu.com ;3
assignments ;2
asturianu ;1
async ;4
atmosphere ;2
atmospheric ;2
atom ;2
attacks ;2
attention ;2
attributename ;1
attributevalue ;1
attribution ;7
authn ;1
author ;5
auto ;11
autocapitalize ;1
autocomplete ;9
automate ;2
autres ;1
ava ;1
available ;3
avatar ;2
aviation ;2
aviation.stackexchange.com ;1
avoid ;4
await ;2
ayisyen ;1
aymar ;1
az ;2
b ;82
b.display ;2
b.height ;2
b.maxheight ;2
b.minheight ;2
b.settargeting ;6
b.src ;2
b0 ;2
b512b1d47c4c ;2
back ;8
backed ;1
background ;6
backgroundcolor ;2
backwards ;2
badge ;4
badge3 ;2
badgecount ;2
badges ;4
bahasa ;5
bahaso ;2
bahsa ;1
bamanankan ;1
ban ;4
banjar ;1
banner ;6
bans ;2
banyumasan ;1
bar ;13
bar0 ;2
bar__network ;2
bars ;1
basa ;3
base ;3
based ;7
basic ;5
basic_mvc_architecture.htm ;1
battle ;2
bcbbbb ;4
bce38390ddaa77a1054f826f453a7e58 ;1
bd6888ae9d99 ;2
because ;2
been ;4
begin ;2
being ;4
below ;9
best ;3
between ;17
bg ;4
bicycles ;6
bicycles.stackexchange.com ;2
big ;5
bikol ;1
bin ;1
bindnavprevention ;2
binisaya ;2
biology ;4
biology.stackexchange.com ;2
bislama ;1
bitcoin ;4
bitcoin.stackexchange.com ;2
bizaad ;1
black ;4
blb ;2
blender ;4
blender.stackexchange.com ;2
block ;8
blockchain ;2
blocked ;2
blog ;12
blue ;2
board ;4
boarisch ;1
body ;5
bokm ;1
bold ;1
bolia ;3
bonus ;2
border ;5
bordered ;1
bored ;2
bosanski ;1
bottom ;9
bottomadtag ;1
bottomgooglead ;1
box ;7
br ;3
braking ;2
brandinghtml ;2
break ;4
brezhoneg ;1
bring ;2
bronze ;2
browse ;1
browser ;2
browserversion.chrome ;3
bsczi ;1
btn ;46
btn__danger ;2
btn__icon ;8
btn__muted ;10
btn__outlined ;4
btn__primary ;8
btnemail ;1
btr ;2
build ;4
buildid ;1
building ;1
buildtypeid ;1
built ;1
bulletin ;12
bullets ;2
business ;5
button ;25
button.btn ;2
button.click ;1
c ;51
c.eligible ;2
c.getslotelementid ;2
c.ineligible ;2
c.path ;2
c.sizes ;2
c.zone ;2
c1 ;2
c186 ;2
c1rf4kxgluznc.gif ;2
c2 ;2
c48addfbc3c8 ;2
c4921de627c3 ;2
c78bd457575a ;4
calculator ;2
call ;8
called ;5
camera ;1
can ;26
canpost ;4
cansee ;4
cant ;2
capable ;1
car ;2
cars ;2
cartographers ;2
case ;1
cast ;2
catal ;2
catalina ;2
catch ;6
categories ;4
category ;36
cause ;1
cb ;2
cbt ;4
cc ;2
cdn.sstatic.net ;20
cell ;69
center ;23
central ;1
cg.gif ;1
cgi ;1
chamoru ;1
channel ;3
channeloptions ;4
charset ;3
chat.stackoverflow.com ;2
chavacano ;1
check ;2
chefs ;2
chemistry ;4
chemistry.stackexchange.com ;2
chess ;2
chess.stackexchange.com ;1
chichewa ;1
child ;2
childurl ;2
chishona ;1
chitumbuka ;1
choose ;2
christianity ;4
christianity.stackexchange.com ;2
christians ;2
ci.canoo.com ;1
circle ;4
citizen ;4
clarification ;4
class ;1477
class's ;1
classes ;2
clc ;24
clc.cmd ;4
clc.cmd.push ;2
clc.collapse ;4
clc.dfp ;2
clc.dfp.load ;1
clc.dfp.targeting ;1
clc.load ;2
clc.min.css ;2
clc.min.js ;2
clc.stackoverflow.com ;4
clean ;1
clear ;4
clear:both ;1
clearer ;1
clearfix ;2
click ;6
clicking ;2
clicks ;2
close ;8
close_obs_sidenav ;2
closenav ;1
cmd:j ;2
cms ;2
code ;20
codegolf ;1
codegolf.stackexchange.com ;3
codemirror.en.js ;2
codereview ;2
codereview.stackexchange.com ;4
coding ;1
codingground.htm ;1
codinghorror ;2
col ;80
col__visible ;8
collapse ;2
collected ;1
collects ;1
color ;1
cols ;2
column ;20
com ;2
com.gargoylesoftware.htmlunit.elementnotfoundexception ;1
com.gargoylesoftware.htmlunit.html.htmlpage.getformbyname ;1
com.stackexchange.marvin ;2
com.tutorialspoint.struts2 ;1
comment ;17
comments ;62
commerce ;2
committed ;2
common ;2
commons ;2
communities ;8
community ;25
commute ;2
company ;21
compatible ;2
compendium ;1
complementary ;2
complete ;2
completion ;2
components ;3
computer ;11
computer_glossary.htm ;1
computer_whoiswho.htm ;1
concepts ;3
config ;1
configuration ;7
configured ;1
consent ;2
consolehandler ;1
constant ;2
constants.password_value ;2
constants.start_page ;2
constants.username_value ;2
construct ;2
constructor ;2
contact ;5
contact_us.htm ;1
contain ;1
container ;27
content ;71
contentinfo ;2
contentpolicyhtml ;2
contents ;1
contenttype ;2
context ;2
continued ;2
contract ;2
contractors ;2
contradicting ;2
contributing ;2
contributions ;4
control ;5
controller ;2
controllers ;1
conversion ;3
convert ;2
convertimagestolinks ;2
cookie ;15
cookies ;6
cookies.iterator ;1
cooking.stackexchange.com ;2
coordination ;1
copy ;2
copyright ;5
core ;1
corral ;2
correctly ;1
corresponding ;1
corsu ;1
could ;4
count ;12
couple ;1
course ;1
create ;25
created ;4
createeditor ;6
creates ;2
creating ;6
creative ;1
creativecommons.org ;4
credentials ;3
cross ;2
crypto ;5
crypto.stackexchange.com ;3
cryptography ;5
cs.stackexchange.com ;2
css ;11
cstheory.stackexchange.com ;2
cta ;4
ctas ;2
ctt ;2
cubes ;1
cuengh ;1
culos ;1
culture ;10
culturerecreation ;2
currency ;2
current ;12
currentpage ;2
currentpage.getelementbyname ;2
currentpage.getformbyname ;1
custom ;3
customize ;2
cws ;1
cycle ;2
cycling ;2
cymraeg ;2
d ;89
d.foreach ;4
d.length ;2
d4cebec4dee6 ;2
d4e9f25d6ecc ;2
danger ;2
dansk ;2
dark ;4
data ;478
data.stackexchange.com ;2
database ;9
datascience.stackexchange.com ;2
date ;7
davvis ;1
dba.stackexchange.com ;2
de ;3
debt ;2
dec ;3
decentralized ;2
dedicated ;2
default ;18
defend ;2
define ;4
defined ;5
deitsch ;1
delete ;2
democracy ;2
deploy ;1
deployment ;2
describe ;2
describedby ;2
description ;9
descriptor ;2
design ;6
designers ;2
destination ;12
detailed ;3
details ;15
detailspage ;1
detailspage.geturl ;1
deutsch ;3
dev ;1
developer ;2
developer's ;1
developers ;20
developers_best_practices ;1
developing ;2
development ;10
device ;5
dfp ;22
dh ;2
dialog ;20
dictionary ;1
dicts ;4
difference ;6
different ;2
dimension2 ;2
dimension3 ;2
dimension4 ;4
din ;1
dir ;3
directive ;1
directly ;1
directory ;6
disabled ;8
discard ;4
discarded ;6
discardselector ;2
discuss ;4
discussion ;3
dislikedtagsmaxlength ;2
dismiss ;2
dispatcher.filterdispatcher ;2
display ;21
display:none ;10
displays ;2
distance ;2
div ;182
div.feature ;2
div.footer ;1
div.search ;1
div:hover ;1
diy ;4
diy.stackexchange.com ;4
diyers ;2
dno ;63
do ;17
document ;6
document.body.appendchild ;4
document.createelement ;8
document.getelementbyid ;10
document.getelementsbytagname ;2
document.location.protocol ;2
document.queryselector ;2
document.title ;3
documentation ;3
does ;7
doesn ;1
doesnt ;1
dolnoserbski ;1
don ;1
don't ;1
dorerin ;1
down ;8
download ;2
downvotes ;20
draft ;12
drag ;1
dress ;2
drop ;3
dropdown ;15
druid ;2
drupal ;4
drupal.stackexchange.com ;2
ds ;1
dsp.stackexchange.com ;2
dtd ;2
dynamic ;5
dzhudezmo ;1
e ;39
e.foreach ;2
ea4335 ;2
each ;1
earned ;2
easy ;1
eclipse ;27
edit ;12
edited ;1
editing.en.js ;2
editor ;10
editor.en.js ;4
editor.png ;1
edits ;1
education ;2
eesti ;2
eevee ;1
eevees ;1
effective ;1
effective_resume_writing.htm ;1
effort ;4
egbe ;1
either ;1
el ;2
electrical ;6
electronics ;4
electronics.stackexchange.com ;4
element ;4
elementname ;1
eligible:g.filter ;2
ell ;2
ell.stackexchange.com ;4
else ;2
em ;6
emacs ;4
emacs.stackexchange.com ;2
email ;30
emigli ;1
en ;5
en_us ;1
enable ;2
enabled ;6
enablenewtagcreationwarning ;2
enablesocialmediainsharepopup ;2
encoding ;3
encyclopedia ;1
end ;6
ends ;1
engineering ;11
engineers ;2
english ;21
english.stackexchange.com ;5
enrolled ;2
enter ;3
enterprise ;2
enthusiast ;8
enthusiasts ;24
entry ;5
entusiastas ;2
enum ;2
environment ;5
error ;1
es.stackoverflow.com ;2
espa ;5
esperanto ;2
estreme ;1
eternal ;2
ethereum ;4
ethereum.stackexchange.com ;2
etymologists ;2
etymology ;2
euskara ;2
evaluating ;2
event.en.js ;2
event.keycode ;1
event.preventdefault ;1
events ;2
events.en.js ;2
every ;4
everyoneloves__inline ;2
everyoneloves__top ;4
everyonelovesstackoverflow ;6
evolution ;2
exact ;2
example ;4
examples ;4
exams ;1
excel ;1
except ;2
exception ;6
exchange ;70
execute ;5
executed ;6
executing ;1
exeption ;2
existence ;2
existent ;1
existing ;1
exit ;2
expand ;4
experience ;10
experts ;6
expire ;2
exploration ;1
explore ;2
explorer ;3
expressionengine ;4
expressionengine.stackexchange.com ;2
extending ;2
extends ;2
external ;4
externaleditor ;4
extra ;9
f ;29
f.addeventlistener ;2
f.enablesinglerequest ;2
f.ids ;4
f.join ;2
f.length ;4
f.push ;6
f.slots ;2
f48024 ;4
f4a83d ;2
fa ;15
facebook ;15
facebookicon.jpg ;1
factors ;2
failinghttpstatuscodeexcep ;1
failinghttpstatuscodeexception ;2
faka ;1
false ;34
family ;3
fans ;2
fantasy ;4
faq's ;1
faq.htm ;1
fault ;2
favicon ;108
favicon.ico ;3
favorite ;5
favoritecount ;2
fb:app_id ;1
fbbc05 ;2
fc ;22
fd ;18
feature ;2
feed ;8
feeds ;4
ff ;2
fff ;3
fiction ;4
field ;6
fields ;4
fighters ;2
fiji ;1
file ;27
filehandler ;1
files ;6
fill ;18
filter ;6
final ;8
finally ;4
finance ;4
financially ;2
find ;3
finds ;2
fine ;7
finer ;3
finest ;1
fire ;2
first ;5
fixed ;2
fkey ;6
fl ;4
fl0 ;2
fl1 ;8
flair ;5
flex ;6
folder ;13
followed ;1
following ;8
follows ;1
font ;12
foot ;1
footer ;138
footer.click ;214
footer.png ;1
foreach ;2
foreach.call ;2
form ;23
form.getinputbyname ;2
form.getinputbyvalue ;1
format ;3
foundation ;3
four ;1
fr ;2
framework ;6
fran ;3
free ;11
freebsd ;2
freely ;1
frictionless ;2
from ;18
frysk ;1
fs ;14
fulfulde ;1
full ;3
full.en.js ;4
function ;108
functionality ;1
fundamental ;2
furlan ;1
further ;1
fw ;4
g ;35
g.addservice ;2
g.setcollapseemptydiv ;2
ga ;16
gaeilge ;1
gaelg ;1
gagana ;1
gagauz ;1
galego ;2
game ;4
gamedev.stackexchange.com ;2
gamemasters ;2
games ;11
gaming ;2
gaming.stackexchange.com ;4
gauntlet ;2
gdpr ;2
generally ;1
generate ;2
genetic ;2
geographers ;2
geographic ;2
geography ;2
german ;4
german.stackexchange.com ;2
get ;14
getcomputedstyle ;2
getcookies ;1
getname ;1
getters ;1
gis ;2
gis.stackexchange.com ;2
give ;1
given ;2
glass ;1
glossary ;1
go ;5
going ;1
golf ;3
golfers ;2
good ;1
google ;13
google_ad_channel ;4
google_ad_client ;5
google_ad_format ;4
google_ad_height ;5
google_ad_slot ;1
google_ad_type ;4
google_ad_width ;5
googleanalyticsobject ;2
googleplus ;1
googleplusicon.jpg ;1
googlesyndication.com ;5
googletag ;6
googletag.apiready ;2
googletag.cmd ;2
googletag.cmd.push ;3
googletag.defineslot ;2
googletag.destroyslots ;2
googletag.display ;2
googletag.enableservices ;2
googletag.pubads ;2
gps ;614
gpt.js ;2
grandmother ;1
grandmothers ;1
graphic ;4
graphicdesign.stackexchange.com ;2
graphics ;2
gravatar ;4
gravatar32 ;5
great ;4
grid ;121
ground ;1
group ;3
groups ;4
gs16 ;2
gs2 ;4
gs4 ;12
gs8 ;12
gsx ;6
gsy ;22
gt ;14
guest ;4
guidance ;2
guide ;2
guidelines ;2
gure ;1
h ;19
h.hasattribute ;2
h.setattribute ;4
h1 ;4
h2 ;9
h3 ;6
h4 ;2
h5 ;8
hacked ;2
had ;3
hak ;1
handler's ;1
handlers ;1
handling ;3
happen ;1
happens ;2
hardware ;6
hase ;1
hashes ;2
hausa ;1
have ;24
hawai ;1
head ;6
header ;19
heading ;4
headline1 ;2
heartbeattype ;2
height ;58
hello ;10
helloworld.jsp ;2
helloworldaction ;6
helloworldaction.class ;1
helloworldaction.java ;1
helloworldstruts1 ;1
helloworldstruts2 ;1
helloworldstruts4 ;1
helloworldstruts5 ;1
help ;32
help.en.js ;2
help_popup.click ;10
hence ;2
here ;13
hesen ;1
hibernate ;3
hidden ;102
higher ;2
highest ;2
highlightcolor ;2
hindi ;1
hireme ;2
hiring ;2
hiyaw ;1
home ;11
hornjoserbsce ;1
hosted ;1
hosts ;1
hot ;8
how ;41
hr ;1
hr_interview_questions ;1
href ;546
hrvatski ;2
html ;8
html__responsive ;2
htmlform ;1
htmlpage ;7
htmlpage.java ;1
htmlpasswordinput ;3
htmlsubmitinput ;3
htmltextinput ;5
htmlunit ;45
htmlunit_fastbuild ;1
http ;14
httprequestsexample ;1
httprequestsexample.java ;2
httprequestsexample.main ;1
httprequestsexample.tremorlogin ;1
https ;419
huatlaht ;1
human ;2
husband ;1
hyperlink ;75
i ;90
i'd ;1
i.next ;1
ias ;1
ibw8dg ;1
icon ;74
icon.png ;4
iconachievements ;2
iconarrowleftalt ;2
iconclear ;6
iconclearsm ;2
iconfacebook ;2
iconglobe ;2
icongoogle ;2
iconhelp ;2
iconinbox ;2
iconlogoglyphmd ;2
iconlogoglyphxsm ;2
iconplus ;2
iconrss ;2
icons ;8
iconsearch ;4
iconstackexchange ;2
id ;138
ide ;1
identicon ;2
idhlig ;1
idiomas ;1
ido ;1
idp ;1
ids ;2
ie ;8
ie8 ;2
ie9 ;1
igbo ;1
ilokano ;1
image ;10
image_src ;2
images ;14
imageuploader ;2
imaginary ;2
img ;23
imgloader ;1
imgur ;2
imgur.com ;2
implement ;2
implementation ;2
important ;1
improve ;6
improvement ;4
improvements ;4
ina ;4
inbox ;6
inc ;2
include ;4
including ;1
income ;2
incompatibility ;2
independent ;2
index ;2
index.htm ;7
index.jsp ;1
index.php ;3
indicator ;4
indonesia ;2
ineligible:g.filter ;2
inf ;4
info ;8
inform ;2
information ;13
initial ;4
inittagrenderer ;2
initwebclient ;6
inline ;7
inline_signup_hero ;2
inner ;2
input ;21
inquisitive ;4
insertspaceafternametabcompletion ;2
inset ;1
inside ;1
instances ;2
instead ;1
instrument ;2
int ;2
integers ;2
integration ;2
integrations ;1
interact ;1
interaction ;3
interceptors ;5
interest ;2
interested ;12
interlingua ;1
interlingue ;1
interview ;1
intraspecies ;2
inuktitut ;1
inverse ;1
invoked ;1
ioexception ;2
ios ;5
is_current:false ;10
is_current:true ;2
isanonymous ;2
isanonymousnetworkwide ;2
isb ;6
isixhosa ;1
isizulu ;1
isnoticestabenabled ;2
iso ;1
issue ;2
italiano ;3
item ;244
item_type ;124
itemprop ;20
itemscope ;6
itemtype ;6
iterator ;1
its ;4
ivc ;2
j ;3
j_password ;3
j_username ;3
japanese ;4
japanese.stackexchange.com ;2
java ;65
java.sun.com ;1
java.util.logging.consolehandler ;1
javaee ;1
javamail ;2
javascript ;7
javascript.en.js ;2
javascript:void ;7
jawa ;1
jc ;14
jewish ;2
jobpreferences ;2
jobs ;19
jpg ;4
jquery ;2
jquery.min.js ;2
js ;534
jsp ;4
jsps ;1
judaism.stackexchange.com ;2
just ;1
k ;10
kalaallisut ;1
kapampangan ;1
kasz ;1
keep ;1
kernewek ;1
key ;17
keyboard ;2
kh ;1
kinyarwanda ;1
kirundi ;1
kiswahili ;1
knowledge ;5
kompletna ;1
kongo ;1
konknni ;1
krey ;1
kt ;2
kurd ;1
l ;19
l0 ;2
l100 ;2
la ;3
label ;41
lang ;4
language ;18
languages ;3
langues ;1
large ;14
lastactivity ;4
lastsuccessful ;1
latest ;3
latex ;6
latga ;1
latina ;2
latvie ;1
law ;6
law.stackexchange.com ;2
layering ;1
layout ;16
lb ;6
leaderboard ;2
leak ;2
learn ;11
learners ;4
learning ;12
learnt ;1
leboa ;1
left ;44
leftnav ;6
legal ;22
legallinksshown ;2
length ;4
let ;5
lets ;1
level ;4
lg ;5
lh ;2
li ;253
li.heading ;1
lib ;5
library ;2
libs ;4
license ;5
licensed ;4
licenses ;4
lietuvi ;2
life ;10
lifearts ;2
light ;4
like ;10
likedtagsmaxlength ;2
limburgs ;1
limit ;2
lines ;1
ling ;1
linguists ;4
lingvoj ;1
link ;490
link__inherit ;8
linkedin ;5
linkedin.com ;2
linkedinicon.jpg ;1
links ;24
linux ;4
list ;59
list.primary ;1
lista ;1
literate ;2
lives ;2
living ;2
lli ;1
load:w ;2
loading ;1
loc ;1
locale ;2
localization ;3
location ;278
location.hostname ;2
location.pathname ;4
log ;7
logged ;3
logging ;2
logging.properties ;1
logic ;3
login ;62
loginf ;3
logo ;10
logo.jpg ;1
logo.png ;1
lojban ;1
long ;4
look ;1
looking ;1
looks ;2
loop ;2
loops ;2
lsep ;4
lt ;8
ltr ;3
luganda ;1
lumbaart ;1
lzisch ;1
m ;29
m.parentnode.insertbefore ;2
m0 ;2
m1 ;4
m1.88 ;2
m10 ;2
m10.58 ;2
m12 ;2
m12.86 ;4
m14 ;2
m15 ;8
m15.19 ;2
m16.51 ;2
m23.1 ;2
m26 ;2
m4.5 ;2
m5 ;2
m8.98 ;4
m9 ;4
machine ;6
magento ;4
magento.stackexchange.com ;2
magnifying ;1
magyar ;2
main ;17
mainbar ;2
mainmenu ;1
maintaining ;2
maintenance ;2
make ;6
making ;4
malagasy ;1
malformedurlexception ;2
malti ;1
manga ;4
manual ;4
map ;3
mapped ;1
mapping ;3
margin ;4
markup.js ;2
match ;1
materials ;1
math ;3
math.stackexchange.com ;3
mathematica ;6
mathematica.stackexchange.com ;3
mathematicians ;4
mathematics ;3
mathoverflow ;6
mathoverflow.net ;4
maximum ;3
maxlength ;6
maxnumdeveloperroles ;2
maxnumindustries ;2
maybe ;1
mb0 ;56
mb24 ;2
mb4 ;4
mb8 ;6
md ;9
md:d ;2
md:fd ;2
md:w ;4
meal ;4
meaning ;4
means ;3
mechanics ;2
mechanics.stackexchange.com ;2
med ;2
mediawiki ;1
meeting ;1
mega ;1
megiella ;1
melayu ;2
memory ;2
menu ;19
merge ;4
message ;9
messages ;4
meta ;13
meta.stackexchange.com ;4
meta.stackoverflow.com ;6
method ;20
methods ;2
mi ;2
middle ;1
might ;2
min ;5
min.css ;1
min.js ;1
minangkabau ;2
mincompletebodylength ;2
mini ;2
minimum ;2
mining ;2
mirand ;1
miuixnyiaaaaag229aecaaaaagaaaaazaaaafgphdmf8d2viy2xpzw50fgh0bwx1bml0fabfolral ;1
ml8 ;4
mlb ;10
mln24 ;2
moa ;1
mobile ;6
mobile.en.js ;2
modal ;8
model ;1
moderator.en.js ;2
modern ;2
modify ;1
module ;8
money ;6
money.stackexchange.com ;4
months ;4
more ;36
most ;1
motor ;2
motorcycles ;2
move ;4
movie ;2
movies ;4
movies.stackexchange.com ;3
mr12 ;2
mr16 ;4
mt ;2
mt16 ;4
mt24 ;2
mt4 ;2
mtatarca ;1
multiple ;2
multithreading ;2
mushroom ;4
music ;2
music.stackexchange.com ;2
musicians ;2
mvc ;3
mx ;2
my ;10
my16 ;2
mysidenav ;4
n ;16
na ;1
name ;170
named ;1
naoero ;1
native ;6
natural ;2
nature ;2
nav ;63
navbar ;1
navigation ;8
nbsp ;14
ne ;1
neashce ;1
nederlands ;2
nedersaksisch ;1
need ;7
needs ;1
nested ;2
netmeeting.php ;1
neto ;1
network ;14
networkengineering.stackexchange.com ;2
networkmetahostname ;2
never ;4
new ;40
news ;2
newsletter ;3
newsresponse ;1
next ;4
ng ;8
niven ;2
nnapulitano ;1
nofollow ;12
nomodals ;2
non ;4
none ;23
nordfriisk ;1
noreferrer ;1
norfuk ;1
normaund ;1
norsk ;3
noscript ;8
notes ;1
notice ;15
notice__danger ;2
notice__warning ;2
notify ;2
notranslate ;7
noun ;1
nouormand ;1
novial ;1
now ;5
nowrap ;2
ns ;1
null ;32
nxt ;2
nynorsk ;1
o ;21
object ;1
object.keys ;4
observesize ;2
occitan ;1
off ;22
officialstackoverflow ;2
offset ;1
og:description ;2
og:image ;2
og:locale ;1
og:site_name ;3
og:title ;2
og:type ;3
og:url ;2
ognl ;3
ohi ;1
ol ;5
old ;2
oldest ;6
onblur ;2
onclick ;15
ondemand ;2
one ;9
onfocus ;2
online_dev_tools.htm ;1
onload ;1
opacity ;2
open ;3
openid ;6
opennav ;2
opensearch.xml ;2
opensearchdescription ;2
operating ;4
opinion ;4
option ;5
options ;2
orange ;2
order ;8
org.apache.catalina.core.containerbase ;2
org.apache.struts2 ;2
organization ;1
ori ;1
oromoo ;1
other ;26
others ;6
otherwise ;1
otros ;1
our ;18
out ;4
outcome ;1
outline ;2
overflow ;49
overview ;5
own ;1
owner ;2
owners ;2
p ;76
p0 ;6
p16 ;4
package ;6
padding ;10
page ;43
pagead ;5
pagead2 ;5
pageencoding ;1
pages ;6
pagesource ;2
palash ;3
pangasin ;1
paper ;2
papiamentu ;1
parallelism ;2
parsing ;2
part ;1
particular ;2
pass ;3
passionate ;2
password ;8
passwordinput ;2
passwordinput.settext ;2
past ;2
path ;8
pathfinder ;2
pattern ;1
pattern.png ;1
pay ;2
paying ;2
pb0 ;4
pdf ;1
peer ;2
pencil ;2
people ;14
permalink ;4
personal ;8
pf ;1
pg ;2
philosophy ;2
philosophy.stackexchange.com ;2
photo.stackexchange.com ;2
photographers ;2
photography ;2
photos ;1
physics ;6
physics.stackexchange.com ;3
pi ;4
picard ;1
piemont ;1
pills ;2
pinned ;2
pisin ;1
pitkern ;1
pixel ;2
pixel.quantserve.com ;2
pl8 ;8
place ;2
placeholder ;12
placement ;5
planet ;2
planning ;2
plant ;4
plants ;4
platform ;4
platforms ;2
plattd ;1
play ;1
players ;2
playing ;9
please ;8
plus.google.com ;2
png ;2
point ;3
pointer ;3
points ;2
policies ;4
policy ;28
politics ;2
politics.stackexchange.com ;1
polski ;3
popup ;1
portions ;4
portugu ;5
position:absolute ;1
positive ;2
possible ;5
post ;96
postcell ;2
posteditionsection ;2
postfix ;2
posting ;2
posts ;8
posts_hot_network.click ;52
posttype ;2
postvalidation ;2
power ;10
pr32 ;2
pr4 ;4
practice ;2
practices ;1
practitioners ;4
pre ;2
preceded ;1
predefined ;1
preferences ;2
prefilled ;2
prefix ;2
present ;3
press ;4
pressure ;2
prettify ;4
prettyprint ;8
preview ;4
previous ;2
previously ;2
primary ;13
primaryimageofpage ;2
principles ;2
print ;4
printers ;2
printing ;2
printpage.cgi ;1
privacy ;17
private ;11
privileges ;2
pro ;2
problem ;1
proceed ;1
processing ;6
processor ;2
profesionales ;2
professional ;12
professionals ;18
profissionais ;2
profit ;1
programadores ;4
programmatic ;2
programmer ;2
programmers ;4
programming ;5
programming_examples ;1
project ;16
project's ;1
projects ;1
property ;20
proposing ;2
protect ;2
protected ;2
protocol ;2
provide ;4
provided ;2
ps ;26
pt.stackoverflow.com ;2
pt4 ;6
pt8 ;4
public ;20
pull ;4
purposes ;4
push ;1
put ;1
puzzle ;2
puzzles ;5
puzzling ;2
puzzling.stackexchange.com ;2
py8 ;4
q ;37
qacct ;2
qapage ;2
qaraqalpaqsha ;1
qazaq ;2
qc ;4
qc.async ;2
qc.src ;2
qinfo ;2
qlist.en.js ;2
qualitybanwarningshown ;4
querying ;2
question ;125
question_page ;2
questionid ;4
questions ;140
questions_and_answers.htm ;1
quick ;3
quickly ;2
quot ;118
quote ;1
r ;19
r0 ;2
r12 ;2
random ;2
range ;3
raspberry ;4
raspberrypi.stackexchange.com ;2
rating ;2
rbaycanca ;2
re ;1
read ;4
reading ;1
ready ;3
reality ;2
received ;2
recent ;4
recommendations ;4
recreation ;8
recursively ;2
reddit.com ;1
reddit.jpg ;1
ref ;4
reference ;1
references ;4
referrer ;2
refused ;4
regarding ;1
regards ;1
rel ;41
related ;22
relationship ;2
relative ;22
relativetime ;6
remaining ;4
remove ;2
render ;3
rendered ;2
reo ;1
rep ;6
repair ;4
repeat ;1
reputation ;9
reputationtopostimages ;2
request ;3
required ;12
requires ;1
research ;8
researchers ;10
reserved ;1
resolved ;1
resource ;2
resources ;5
respond ;1
responding ;4
responds ;1
response ;3
responsive ;3
responsively ;2
rest ;1
result ;7
results ;2
resume ;1
retrieve ;2
return ;55
return'dfp ;2
return'string ;2
return'undefined ;2
returned ;5
returns ;4
returnurl ;10
rev ;2
reversible ;2
review ;4
review.en.js ;2
reviews ;2
revisions ;1
revisions.en.js ;2
revivify ;2
right ;21
right_obs ;4
rightbar ;1
rightgooglead ;3
rights ;1
ringworld ;2
ripoarisch ;1
rk ;2
rkmen ;1
ro ;1
road ;2
rogues ;4
role ;30
rom ;2
romani ;1
room ;8
root ;1
routename ;2
routing ;1
row ;4
rows ;2
royskt ;1
rpg ;5
rpg.stackexchange.com ;7
rq ;2
ru.stackoverflow.com ;2
rumagn ;1
rumantsch ;1
rumgejuxe ;2
run ;4
runa ;1
running ;4
s ;130
s.createelement ;2
s.getelementsbytagname ;2
s.parentnode.insertbefore ;4
s:property ;1
sa ;9
safe ;1
salary ;2
salesforce ;4
salesforce.stackexchange.com ;2
same ;9
sans ;4
sardu ;1
saved ;6
saying ;1
sb ;8
sb:function ;2
sc ;4
sc.async ;2
sc.src ;2
scalable ;1
scale ;5
schedule ;2
schema.org ;6
school ;17
schools ;2
science ;28
scientific ;2
scientists ;4
scifi.stackexchange.com ;2
score ;27
scots ;1
screen ;2
screens ;1
script ;17
scripts ;3
se ;4
search ;24
searchbar ;8
searchform ;1
seasoned ;4
second ;1
secondary ;4
secondpage ;2
secondpage.asxml ;1
section ;2
secure ;2
security ;6
security.stackexchange.com ;3
see ;8
seeking ;2
seeltersk ;1
seems ;1
sees ;1
select ;3
selected ;4
selects ;1
send ;3
senders ;2
sending ;3
sendtitles ;2
sent ;1
sep ;3
separator ;4
series ;2
serif ;1
serious ;4
seriously ;4
serve ;1
server ;3
serverfault ;2
serverfault.com ;2
servertime ;2
service ;8
servlet ;1
sesotho ;2
session ;1
set ;6
setcookiesenabled ;3
setcssenabled ;1
setjavascriptenabled ;3
setname ;1
setredirectenabled ;1
setswana ;1
setter ;1
setthrowexceptiononfailingstatuscode ;1
setthrowexceptiononscripterror ;3
settings ;2
setup ;3
setuseinsecuressl ;2
setvalueattribute ;2
severe ;1
shape ;2
shaped ;4
share ;13
sharealike ;1
shared ;4
sharepoint ;4
sharepoint.stackexchange.com ;2
sharer ;4
sharer.php ;1
shelves ;4
ships ;2
short ;10
shortcut ;9
shortcuts.en.js ;2
should ;2
show ;30
show_ads.js ;5
showanswerhelp:true ;2
showlowrepimageuploadwarning ;2
shown ;5
showncommentcount ;2
shows ;2
shqip ;1
sicilianu ;1
side ;1
sidebar ;33
sidenav ;1
sidenav.click ;2
sign ;28
signal ;4
signature ;5
signup ;4
simi ;1
simple ;10
simply ;1
since ;1
single ;4
sinking ;2
sinugboanong ;2
siswati ;1
site ;118
site.switch ;50
site_switcher ;4
site_switcher.click ;10
site_switcher.show ;2
sites ;26
siteswitcher ;2
size ;5
sizes:c ;2
sizing:border ;2
skeleton ;1
skepticism ;2
skeptics ;2
skeptics.stackexchange.com ;2
skewed ;4
skills ;2
sleft ;10
slotrenderended ;2
slots ;2
sloven ;4
slower ;2
sm ;9
small ;4
smart ;2
sneak ;4
snippet ;6
snippets ;10
so ;14
social ;1
software ;17
softwareengineering ;1
softwareengineering.stackexchange.com ;3
softwarerecs.stackexchange.com ;2
solid ;4
solve ;2
some ;6
something ;3
soomaaliga ;1
source ;4
space ;12
space.stackexchange.com ;1
spacer ;22
span ;55
speak ;4
speakers ;2
special ;1
specialists ;2
species ;1
specific ;5
specified ;1
specifies ;1
split ;2
sponsorship ;4
sprachen ;1
spreadsheet ;1
spring ;3
sql ;2
sr.no ;1
sranantongo ;1
src ;36
sreading ;1
srpski ;2
srpskohrvatski ;2
ssl ;21
ssrc ;10
st ;2
stack ;120
stackapps.com ;2
stackauth.com ;2
stackauthurl ;2
stackexchange ;4
stackexchange.com ;22
stackexchange.ga.init ;2
stackexchange.ga.setdimension ;4
stackexchange.ga.trackpageview ;2
stackexchange.gps.init ;2
stackexchange.gps.trackoutboundclicks ;2
stackexchange.helpers.onclickdraftsave ;2
stackexchange.ifusing ;2
stackexchange.init ;2
stackexchange.notice.tooltipinit ;2
stackexchange.openid.initpostlogin ;2
stackexchange.postvalidation.initonblurandsubmit ;2
stackexchange.prepareeditor ;2
stackexchange.question.init ;2
stackexchange.ready ;14
stackexchange.realtime.subscribetoquestion ;2
stackexchange.responsiveness.addswitcher ;2
stackexchange.scrollpadding.setpaddingtop ;2
stackexchange.snippets.init ;2
stackexchange.snippets.initsnippetrenderer ;2
stackexchange.switchmobile ;2
stackexchange.topbar.init ;2
stackexchange.using ;16
stackexchange.using.setcachebreakers ;2
stackexchangemeta ;2
stackoverflow ;17
stackoverflow.blog ;14
stackoverflow.com ;79
stackoverflowmeta ;2
stacks ;4
stacks.css ;2
stalled ;2
stalled.gif ;2
standard ;1
star ;2
start ;14
started ;6
starting ;1
starts ;3
state ;4
statements ;4
static ;10
statistics ;2
stats ;2
stats.stackexchange.com ;2
status ;9
stdout ;1
step ;1
steps ;1
sticky ;4
stop ;10
store ;2
store.tutorialspoint.com ;1
storing ;2
story ;2
string ;21
struts ;26
struts.properties ;1
struts.xml ;8
struts2 ;36
struts4 ;1
struts5 ;1
struts_2 ;44
struts_actions.htm ;1
struts_ajax_tags.htm ;1
struts_annotations.htm ;1
struts_architecture.htm ;3
struts_configuration.htm ;3
struts_control_tags.htm ;1
struts_data_tags.htm ;1
struts_database_access.htm ;1
struts_discussion.htm ;1
struts_environment_setup.htm ;1
struts_examples.htm ;4
struts_exception_handling.htm ;1
struts_file_uploads.htm ;1
struts_form_tags.htm ;1
struts_hibernate.htm ;1
struts_interceptors.htm ;1
struts_localization.htm ;1
struts_overview.htm ;1
struts_questions_answers.htm ;1
struts_quick_guide.htm ;1
struts_result_types.htm ;1
struts_sending_email.htm ;1
struts_spring.htm ;1
struts_themes_templates.htm ;1
struts_tiles.htm ;1
struts_type_conversion.htm ;1
struts_useful_resources.htm ;1
struts_validations.htm ;1
struts_value_stack_ognl.htm ;1
stsestotse ;1
stub.en.js ;2
students ;20
study ;4
studying ;2
stumbleuponicon.jpg ;1
sturts1 ;1
sturts2 ;1
style ;43
style.display ;3
style.width ;3
stylecode ;2
styles ;2
stylesheet ;6
sub ;8
subheader ;4
subject ;2
submit ;24
submitbutton ;2
submitbutton.click ;2
suggest ;8
suitcase ;1
summary ;12
sunda ;1
suomi ;2
super ;2
superuser.com ;2
sure ;4
svenska ;2
svg ;54
svgiconhash ;2
svgiconpath ;2
svnrev ;2
swashbuckler ;4
switcher ;2
sysout ;1
system ;4
system.out.println ;5
systems ;8
t ;14
t0 ;2
ta ;6
tab ;17
tabindex ;14
table ;2
tabletop ;2
tabs ;2
tag ;33
tagalog ;1
tageditor.en.js ;2
tageditornew.en.js ;2
tagged ;23
taglib ;3
taglist ;2
tags ;21
tagsuggestions.en.js ;2
take ;2
talent ;4
taqbaylit ;1
tarand ;1
target ;37
target_site ;50
tatar ;1
taxes ;2
taylor ;2
td ;10
tea ;2
teachers ;4
team ;10
teamcity ;1
teams ;18
teams.create.left ;2
team’s ;2
technical ;2
technology ;18
tell ;1
tells ;2
templates ;5
term ;4
terms ;9
test ;4
tetun ;1
tex ;8
tex.stackexchange.com ;4
tex2jax_ignore ;2
text ;40
textarea ;2
textbooks ;1
textemail ;2
textfield2 ;2
textfield3 ;2
textfieldname ;1
textfieldname.setvalueattribute ;1
textfieldpass ;1
textfieldpass.setvalueattribute ;1
th ;3
than ;4
thanos ;2
them ;4
theme ;7
themes ;3
themselves ;2
theoretical ;4
theory ;2
this.clc ;4
this.name ;1
this.push ;4
those ;14
thousand ;2
thread ;4
threads ;1
threshold ;1
throws ;6
ti ;2
tica ;2
tid ;2
tie ;1
tiles ;3
time ;7
times ;2
tips ;4
title ;336
tlb ;6
together ;2
toggle ;6
tok ;1
tolerate ;2
tomcat ;1
tomcat's ;1
tonga ;1
toolbar ;4
tools ;2
tooltip ;6
top ;26
top_nav.click ;12
topbar ;16
topbar_help ;2
tos ;2
totalcommentcount ;2
touch ;8
tour ;4
tp ;5
track ;608
tracker ;6
trackingcodes ;2
tradition ;2
traffic ;4
train ;2
transitional ;1
travel ;11
travel.stackexchange.com ;5
travelers ;2
tremorlogin ;2
trigger ;14
trucks ;2
true ;103
try ;7
trying ;1
ts ;5
tsb ;12
tsch ;1
tshiven ;1
tt ;4
tto ;2
tut ;1
tutor_connect ;1
tutorial ;2
tutorials ;5
tutorialslibrary.htm ;1
tutorialspoint ;9
tutorialspoint.com ;1
tutorialspointindia ;1
tutors ;1
tv ;5
twi ;1
twitter ;5
twitter.com ;3
twitter:app:country ;2
twitter:app:id:googleplay ;2
twitter:app:id:ipad ;2
twitter:app:id:iphone ;2
twitter:app:name:googleplay ;2
twitter:app:name:ipad ;2
twitter:app:name:iphone ;2
twitter:app:url:googleplay ;2
twitter:app:url:ipad ;2
twitter:app:url:iphone ;2
twitter:card ;2
twitter:description ;2
twitter:domain ;2
twitter:title ;2
twittericon.jpg ;1
two ;7
type ;63
typeof ;6
types ;3
typesetting ;2
tzebuergesch ;1
u ;11
u003c ;6
u003e ;10
u003ecc ;2
ubuntu ;5
ucvlbzhxvtitlivkegv7webg ;1
ugi ;1
ui ;2
uk ;2
ul ;28
ul.nav ;2
un ;2
unavailable ;4
unclear ;2
under ;11
underline ;6
understand ;4
understood ;1
unexpectedly ;2
unified ;2
unified.css ;2
universe ;2
unix ;2
unix.stackexchange.com ;2
unlock ;2
unpinned ;2
unread ;6
up ;41
updated ;2
upiak ;1
uploads ;3
uppercase ;4
upsc ;1
upsc_ias_exams.htm ;1
upvotecount ;4
urchin.js ;1
urchintracker ;1
uri ;2
url ;20
urls ;1
us ;15
usability ;2
usable ;1
usage ;7
usd ;1
use ;24
used ;2
useful ;14
user ;41
user's ;3
user2904774 ;2
userinput ;2
userinput.settext ;2
userpassword ;1
users ;49
uses ;2
using ;40
utf ;2
uws ;1
ux.stackexchange.com ;2
v ;33
v4 ;1
v8 ;2
vaka ;1
validated ;2
validation ;4
validation.en.js ;2
validations ;3
value ;52
var ;70
vehicle ;2
veps ;1
verb ;2
version ;5
vertical ;1
very ;1
vi ;2
via ;2
video ;2
videogamers ;2
videos ;1
videotutorials ;1
view ;10
viewbox ;36
viewed ;2
viewlog.html ;1
viewport ;3
visa ;2
visualization ;2
viti ;1
vlams ;1
voci ;1
voice ;2
void ;13
volap ;2
vosa ;1
vote ;44
votecell ;4
votes ;28
vs ;2
w ;5
w50 ;4
wa ;2
wagon ;10
walon ;1
want ;5
wanting ;2
war ;3
warning ;3
warriors ;2
way ;1
wb ;2
wc ;7
wc.getcookiemanager ;4
wc.getoptions ;5
wc.getpage ;3
wc2 ;1
we ;13
web ;18
web.xml ;5
webapps ;1
webapps.stackexchange.com ;2
webclient ;48
webclient.getcookiemanager ;1
webclient.getoptions ;6
webclient.getpage ;2
webcontent ;5
webdriver ;3
webmasters ;4
webmasters.stackexchange.com ;2
website ;14
websites ;2
weight ;1
weitere ;1
welcome ;11
well ;2
were ;2
west ;1
what ;20
when ;15
where ;5
which ;9
while ;2
white ;14
whiteboard ;2
whiteboard.htm ;1
who ;16
why ;14
width ;59
wiki ;2
wikibooks ;1
wikidata ;1
wikimedia ;1
wikinews ;1
wikipedia ;5
wikiquote ;1
wikisource ;1
wikispecies ;1
wikiversity ;1
wikivoyage ;1
wiktionary ;1
win ;1
winaray ;2
window ;2
window.clc_request ;2
window.console.error ;2
window.ga ;2
window.innerwidth ;1
window.open ;6
window.screen.height ;6
window.screen.width ;6
wish ;2
within ;6
wmd ;14
wmd.en.js ;2
wmx8 ;2
wolfram ;2
wolof ;1
word ;6
wording ;4
wordpress ;4
wordpress.stackexchange.com ;2
words ;2
work ;6
working ;8
workings ;2
works ;2
world ;14
worldbuilding ;12
worldbuilding.stackexchange.com ;7
worlds ;2
would ;2
wrap ;4
wraploader ;1
wrapper ;4
writers ;2
writing ;5
ws ;2
ws2 ;2
wv ;2
www.facebook.com ;4
www.google ;1
www.google.com ;2
www.googletagservices.com ;2
www.gravatar.com ;2
www.linkedin.com ;2
www.stackoverflowbusiness.com ;8
www.stumbleupon.com ;1
www.tutorialspoint.com ;9
www.twitter.com ;1
www.youtube.com ;1
wz ;8
x ;7
x.al ;2
x.dh.indexof ;2
x.h ;2
x.lib ;2
xhref ;6
xitsonga ;1
xml ;6
xmlns ;1
xmlns:web ;1
xmlns:xsi ;1
xs ;3
xsd ;1
xsi:schemalocation ;1
y ;9
years ;4
yes ;2
yodeya ;2
yor ;1
you ;32
you're ;2
youarehere ;4
your ;41
yourself ;1
youtube ;3
z ;10
z.length ;2
z.push ;2
zamboanga ;1
zaphod ;4
zazaki ;1
zbekcha ;2
ze ;1
zone:b ;2
zwis212 ;3
zyk ;1
UTF-8 ;-1
Wikipedia ;-1
https://stackoverflow.com/questions/32814701/htmlunit-login-to-school-email-using-java-eclipse-with-https ;-1
https://stackoverflow.com/questions/34314202/java-htmlunit-webclient-ssl-page ;-1
https://www.tutorialspoint.com/struts_2/struts_examples.htm ;-1
Wort;Anzahl
0;93
04;8
04d772c81312;2
06;2
06387d9eaf33;2
09;5
0c2444;1
1;57
1.0;5
1.12.4;2
1.9em;2
10;5
101;2
102603;1
102705;1
1028858;2
105;4
106;4
1099220;1
10px;1
11;102
11461607;2
116678774017490391259;1
12;19
120;2
122;5
126870;1
126908;2
13;2
13036a5f10ad;2
131;1
131941;1
132129;1
132195;1
132295;1
132325;1
135;2
1359689;2
13668876;2
136944;2
136957;1
136958;2
137e975b43fe;2
13px;1
14;6
15;2
150px;2
151;1
152033;2
15286153;2
1544227588;1
1544228251;1
16;3
1602;1
162;1
1690;1
17;2
174;4
177021;1
18;62
184201;1
1859846788283;1
1859847451603;1
187510;1
187635;1
187672;1
1925;1
19288432;2
196;2
199226;1
1c0ef5d73eb4dc4c93e3722f1fd8b489;1
1db48f495ba1;2
1f9a6756cbd4;2
1px;1
2;89
20;2
200;1
2000;2
2009;2
2015;10
2018;8
2018.12.7.32344;2
2029;1
209202;2
215497;2
218;6
225;2
22a9bd59b1e9;2
23167;1
23393417;2
234;2
23new;2
240;2
241;2
248424177;2
24px;4
25;2
253;2
2664;1
2668;1
273;3
2782;1
28;3
281;1
285177;2
2d348060df5a;2
2dad918c3d10da8a95b444fd869a9fe86b6d6cf192bdb14031c563004509f353;4
2f;6
2f32814701;3
2f34314202;3
2fcurrent;4
2fhtmlunit;3
2fjava;3
2fquestions;6
2fstackoverflow.com;6
2fstory;4
2fusers;4
3;13
3,4,5,6,7,8;2
3,510;1
3.0;4
3.1;1
30;6
300;4
300,250;6
300,600;2
3030377;1
3038;1
313;6
317126;2
31944;6
32;10
320,50;2
32640;1
32814701;21
32865953;9
33538918;2
34;1
342053;1
342063;1
34314202;22
34332592;9
34a853;2
35894;1
360;1
363681;2
367;1
37;2
38192da1e2db;2
382486;1
387;1
39;14
39433371;2
39817492;2
3a;6
3c5a96;2
3px;1
4;12
40;4
400;2
4047010;2
40480;2
4061;1
41;2
410970;1
411049;1
42;1
4285f4;2
4307429;2
435;1
4385506061,4386578282,4386579572;2
445200;1
453ad6a31ef4;2
456;3
463715;2
471319149685276;1
475;1
475852;1
475920;1
475953;1
481;2
48248;2
483;1
485a932a3088;2
493;1
4a06db321221;2
4bd2;2
4f32ecc8f43d;2
4f7c;2
5;1
50;6
500;2
5023e4724ed5;2
504;2
508;1
51;1
528;1
53469505;2
53643962;1
552;4
5585779;2
5595;1
57811;1
579;5
5e;1
5f54d73692dd;2
5px;2
6;8
604424;2
626;4
638;1
64588;1
6470651;2
65;1
65035;2
656;1
67f665a197c9;2
69;1
6db0df3b3951;4
6px;1
7;4
70;2
700;2
728,90;4
728px;2
73;2
730,135;2
73d79a89bded;2
75;2
7820c03c6843;2
78eee7c19ab2;2
8;9
80a0;1
81e02d91;2
85;2
860;1
871299723;4
8859;1
886955;2
89;1
8f22ba768cac;2
8fc88803d94e;2
908489;2
90px;2
9186c2f99d56;2
92;2
93;2
94479;1
97;3
9a;2
9dd9c799d430;2
_blank;19
_highlighted;2
_id_;4
_top;7
a.async;2
a.call;2
a.children;2
a.classname;2
a.cmd;4
a.demo;1
a.demo:hover;1
a.dfp;4
a.dfp.targeting;2
a.id;4
a.innerhtml;2
a.lineitemid;2
a.load;2
a.map;2
a.options;4
a.push;2
a.replace;2
a.servicename;2
a.slot;2
a.src;2
a.sreevent;4
a.style;2
a.style.pointerevents;2
a.style.position;2
a.videolink;1
a1c2d4ed1321;2
a:hover;1
ab;2
abd;2
able;1
about;22
about_careers.htm;1
about_privacy.htm;1
above;3
absolute;4
abstraction;1
ac;1
academia;2
academia.stackexchange.com;2
academics;10
accepted;12
access;4
achievements;4
acknowledge;4
acrobatics;2
across;2
action;30
actions;7
active;10
activity;6
ad;2
add;4
addcookie;1
addlink;4
address;12
administrators;12
adops.en.js;2
ads;2
adsbox;2
advanced;1
advertise;2
advertisements;2
advice;2
afaan;1
afrikaans;1
after;5
afterloginpage;2
afterloginpage.asxml;1
ago;4
agreement;2
ahmed;2
ai;12
aim;1
airline;4
ais;3
ajax;5
ajax.googleapis.com;2
akan;1
akt;1
al;2
alemannisch;1
alertdialog;2
aliaj;1
align;3
align:center;2
align:middle;1
all;19
allowed;2
allowurls;2
already;3
also;4
alt;21
alternate;4
always;2
am;9
amateur;4
amp;20
analysis;2
analytics.com;1
android;7
android.stackexchange.com;2
animations;2
anime;4
anime.stackexchange.com;2
anjfoqchxnyiaaaaanqxcwicaaaaagaaaaadaaaafgphdmf8c3nsfhdlymnsawvudhxodg1sdw5pdhwar7mv0lpdesdfsa;1
ankle;2
annotations;3
anon;4
anon.en.js;2
anonymous;2
another;2
answer;67
answercell;2
answercount;4
answered;14
answerid;2
answering;4
answers;36
answertab;6
antenna;2
any;15
anybody;2
anymore;1
anyone;2
api;4
api.stackexchange.com;2
app;3
app_3_0;1
apple;12
apple.stackexchange.com;2
applet;1
application;15
applications;4
approach;1
appropriate;1
apps;6
aq;2
aragon;1
architecture;8
arduino;4
arduino.stackexchange.com;2
area;2
area51;2
aren;1
arent;1
args;4
arguments;4
arguments.length;2
aria;56
arial;1
arm;1
around;6
arpitan;1
arqade;4
array.isarray;2
arrow;4
art;3
articles;8
artifacts;1
artigos;1
artikel;1
artists;2
arts;8
ashour;2
aside;2
ask;15
asked;4
askubuntu;3
askubuntu.com;3
assignments;2
asturianu;1
async;4
atmosphere;2
atmospheric;2
atom;2
attacks;2
attention;2
attributename;1
attributevalue;1
attribution;7
authn;1
author;5
auto;11
autocapitalize;1
autocomplete;9
automate;2
autres;1
ava;1
available;3
avatar;2
aviation;2
aviation.stackexchange.com;1
avoid;4
await;2
ayisyen;1
aymar;1
az;2
b;82
b.display;2
b.height;2
b.maxheight;2
b.minheight;2
b.settargeting;6
b.src;2
b0;2
b512b1d47c4c;2
back;8
backed;1
background;6
backgroundcolor;2
backwards;2
badge;4
badge3;2
badgecount;2
badges;4
bahasa;5
bahaso;2
bahsa;1
bamanankan;1
ban;4
banjar;1
banner;6
bans;2
banyumasan;1
bar;13
bar0;2
bar__network;2
bars;1
basa;3
base;3
based;7
basic;5
basic_mvc_architecture.htm;1
battle;2
bcbbbb;4
bce38390ddaa77a1054f826f453a7e58;1
bd6888ae9d99;2
because;2
been;4
begin;2
being;4
below;9
best;3
between;17
bg;4
bicycles;6
bicycles.stackexchange.com;2
big;5
bikol;1
bin;1
bindnavprevention;2
binisaya;2
biology;4
biology.stackexchange.com;2
bislama;1
bitcoin;4
bitcoin.stackexchange.com;2
bizaad;1
black;4
blb;2
blender;4
blender.stackexchange.com;2
block;8
blockchain;2
blocked;2
blog;12
blue;2
board;4
boarisch;1
body;5
bokm;1
bold;1
bolia;3
bonus;2
border;5
bordered;1
bored;2
bosanski;1
bottom;9
bottomadtag;1
bottomgooglead;1
box;7
br;3
braking;2
brandinghtml;2
break;4
brezhoneg;1
bring;2
bronze;2
browse;1
browser;2
browserversion.chrome;3
bsczi;1
btn;46
btn__danger;2
btn__icon;8
btn__muted;10
btn__outlined;4
btn__primary;8
btnemail;1
btr;2
build;4
buildid;1
building;1
buildtypeid;1
built;1
bulletin;12
bullets;2
business;5
button;25
button.btn;2
button.click;1
c;51
c.eligible;2
c.getslotelementid;2
c.ineligible;2
c.path;2
c.sizes;2
c.zone;2
c1;2
c186;2
c1rf4kxgluznc.gif;2
c2;2
c48addfbc3c8;2
c4921de627c3;2
c78bd457575a;4
calculator;2
call;8
called;5
camera;1
can;26
canpost;4
cansee;4
cant;2
capable;1
car;2
cars;2
cartographers;2
case;1
cast;2
catal;2
catalina;2
catch;6
categories;4
category;36
cause;1
cb;2
cbt;4
cc;2
cdn.sstatic.net;20
cell;69
center;23
central;1
cg.gif;1
cgi;1
chamoru;1
channel;3
channeloptions;4
charset;3
chat.stackoverflow.com;2
chavacano;1
check;2
chefs;2
chemistry;4
chemistry.stackexchange.com;2
chess;2
chess.stackexchange.com;1
chichewa;1
child;2
childurl;2
chishona;1
chitumbuka;1
choose;2
christianity;4
christianity.stackexchange.com;2
christians;2
ci.canoo.com;1
circle;4
citizen;4
clarification;4
class;1477
class's;1
classes;2
clc;24
clc.cmd;4
clc.cmd.push;2
clc.collapse;4
clc.dfp;2
clc.dfp.load;1
clc.dfp.targeting;1
clc.load;2
clc.min.css;2
clc.min.js;2
clc.stackoverflow.com;4
clean;1
clear;4
clear:both;1
clearer;1
clearfix;2
click;6
clicking;2
clicks;2
close;8
close_obs_sidenav;2
closenav;1
cmd:j;2
cms;2
code;20
codegolf;1
codegolf.stackexchange.com;3
codemirror.en.js;2
codereview;2
codereview.stackexchange.com;4
coding;1
codingground.htm;1
codinghorror;2
col;80
col__visible;8
collapse;2
collected;1
collects;1
color;1
cols;2
column;20
com;2
com.gargoylesoftware.htmlunit.elementnotfoundexception;1
com.gargoylesoftware.htmlunit.html.htmlpage.getformbyname;1
com.stackexchange.marvin;2
com.tutorialspoint.struts2;1
comment;17
comments;62
commerce;2
committed;2
common;2
commons;2
communities;8
community;25
commute;2
company;21
compatible;2
compendium;1
complementary;2
complete;2
completion;2
components;3
computer;11
computer_glossary.htm;1
computer_whoiswho.htm;1
concepts;3
config;1
configuration;7
configured;1
consent;2
consolehandler;1
constant;2
constants.password_value;2
constants.start_page;2
constants.username_value;2
construct;2
constructor;2
contact;5
contact_us.htm;1
contain;1
container;27
content;71
contentinfo;2
contentpolicyhtml;2
contents;1
contenttype;2
context;2
continued;2
contract;2
contractors;2
contradicting;2
contributing;2
contributions;4
control;5
controller;2
controllers;1
conversion;3
convert;2
convertimagestolinks;2
cookie;15
cookies;6
cookies.iterator;1
cooking.stackexchange.com;2
coordination;1
copy;2
copyright;5
core;1
corral;2
correctly;1
corresponding;1
corsu;1
could;4
count;12
couple;1
course;1
create;25
created;4
createeditor;6
creates;2
creating;6
creative;1
creativecommons.org;4
credentials;3
cross;2
crypto;5
crypto.stackexchange.com;3
cryptography;5
cs.stackexchange.com;2
css;11
cstheory.stackexchange.com;2
cta;4
ctas;2
ctt;2
cubes;1
cuengh;1
culos;1
culture;10
culturerecreation;2
currency;2
current;12
currentpage;2
currentpage.getelementbyname;2
currentpage.getformbyname;1
custom;3
customize;2
cws;1
cycle;2
cycling;2
cymraeg;2
d;89
d.foreach;4
d.length;2
d4cebec4dee6;2
d4e9f25d6ecc;2
danger;2
dansk;2
dark;4
data;478
data.stackexchange.com;2
database;9
datascience.stackexchange.com;2
date;7
davvis;1
dba.stackexchange.com;2
de;3
debt;2
dec;3
decentralized;2
dedicated;2
default;18
defend;2
define;4
defined;5
deitsch;1
delete;2
democracy;2
deploy;1
deployment;2
describe;2
describedby;2
description;9
descriptor;2
design;6
designers;2
destination;12
detailed;3
details;15
detailspage;1
detailspage.geturl;1
deutsch;3
dev;1
developer;2
developer's;1
developers;20
developers_best_practices;1
developing;2
development;10
device;5
dfp;22
dh;2
dialog;20
dictionary;1
dicts;4
difference;6
different;2
dimension2;2
dimension3;2
dimension4;4
din;1
dir;3
directive;1
directly;1
directory;6
disabled;8
discard;4
discarded;6
discardselector;2
discuss;4
discussion;3
dislikedtagsmaxlength;2
dismiss;2
dispatcher.filterdispatcher;2
display;21
display:none;10
displays;2
distance;2
div;182
div.feature;2
div.footer;1
div.search;1
div:hover;1
diy;4
diy.stackexchange.com;4
diyers;2
dno;63
do;17
document;6
document.body.appendchild;4
document.createelement;8
document.getelementbyid;10
document.getelementsbytagname;2
document.location.protocol;2
document.queryselector;2
document.title;3
documentation;3
does;7
doesn;1
doesnt;1
dolnoserbski;1
don;1
don't;1
dorerin;1
down;8
download;2
downvotes;20
draft;12
drag;1
dress;2
drop;3
dropdown;15
druid;2
drupal;4
drupal.stackexchange.com;2
ds;1
dsp.stackexchange.com;2
dtd;2
dynamic;5
dzhudezmo;1
e;39
e.foreach;2
ea4335;2
each;1
earned;2
easy;1
eclipse;27
edit;12
edited;1
editing.en.js;2
editor;10
editor.en.js;4
editor.png;1
edits;1
education;2
eesti;2
eevee;1
eevees;1
effective;1
effective_resume_writing.htm;1
effort;4
egbe;1
either;1
el;2
electrical;6
electronics;4
electronics.stackexchange.com;4
element;4
elementname;1
eligible:g.filter;2
ell;2
ell.stackexchange.com;4
else;2
em;6
emacs;4
emacs.stackexchange.com;2
email;30
emigli;1
en;5
en_us;1
enable;2
enabled;6
enablenewtagcreationwarning;2
enablesocialmediainsharepopup;2
encoding;3
encyclopedia;1
end;6
ends;1
engineering;11
engineers;2
english;21
english.stackexchange.com;5
enrolled;2
enter;3
enterprise;2
enthusiast;8
enthusiasts;24
entry;5
entusiastas;2
enum;2
environment;5
error;1
es.stackoverflow.com;2
espa;5
esperanto;2
estreme;1
eternal;2
ethereum;4
ethereum.stackexchange.com;2
etymologists;2
etymology;2
euskara;2
evaluating;2
event.en.js;2
event.keycode;1
event.preventdefault;1
events;2
events.en.js;2
every;4
everyoneloves__inline;2
everyoneloves__top;4
everyonelovesstackoverflow;6
evolution;2
exact;2
example;4
examples;4
exams;1
excel;1
except;2
exception;6
exchange;70
execute;5
executed;6
executing;1
exeption;2
existence;2
existent;1
existing;1
exit;2
expand;4
experience;10
experts;6
expire;2
exploration;1
explore;2
explorer;3
expressionengine;4
expressionengine.stackexchange.com;2
extending;2
extends;2
external;4
externaleditor;4
extra;9
f;29
f.addeventlistener;2
f.enablesinglerequest;2
f.ids;4
f.join;2
f.length;4
f.push;6
f.slots;2
f48024;4
f4a83d;2
fa;15
facebook;15
facebookicon.jpg;1
factors;2
failinghttpstatuscodeexcep;1
failinghttpstatuscodeexception;2
faka;1
false;34
family;3
fans;2
fantasy;4
faq's;1
faq.htm;1
fault;2
favicon;108
favicon.ico;3
favorite;5
favoritecount;2
fb:app_id;1
fbbc05;2
fc;22
fd;18
feature;2
feed;8
feeds;4
ff;2
fff;3
fiction;4
field;6
fields;4
fighters;2
fiji;1
file;27
filehandler;1
files;6
fill;18
filter;6
final;8
finally;4
finance;4
financially;2
find;3
finds;2
fine;7
finer;3
finest;1
fire;2
first;5
fixed;2
fkey;6
fl;4
fl0;2
fl1;8
flair;5
flex;6
folder;13
followed;1
following;8
follows;1
font;12
foot;1
footer;138
footer.click;214
footer.png;1
foreach;2
foreach.call;2
form;23
form.getinputbyname;2
form.getinputbyvalue;1
format;3
foundation;3
four;1
fr;2
framework;6
fran;3
free;11
freebsd;2
freely;1
frictionless;2
from;18
frysk;1
fs;14
fulfulde;1
full;3
full.en.js;4
function;108
functionality;1
fundamental;2
furlan;1
further;1
fw;4
g;35
g.addservice;2
g.setcollapseemptydiv;2
ga;16
gaeilge;1
gaelg;1
gagana;1
gagauz;1
galego;2
game;4
gamedev.stackexchange.com;2
gamemasters;2
games;11
gaming;2
gaming.stackexchange.com;4
gauntlet;2
gdpr;2
generally;1
generate;2
genetic;2
geographers;2
geographic;2
geography;2
german;4
german.stackexchange.com;2
get;14
getcomputedstyle;2
getcookies;1
getname;1
getters;1
gis;2
gis.stackexchange.com;2
give;1
given;2
glass;1
glossary;1
go;5
going;1
golf;3
golfers;2
good;1
google;13
google_ad_channel;4
google_ad_client;5
google_ad_format;4
google_ad_height;5
google_ad_slot;1
google_ad_type;4
google_ad_width;5
googleanalyticsobject;2
googleplus;1
googleplusicon.jpg;1
googlesyndication.com;5
googletag;6
googletag.apiready;2
googletag.cmd;2
googletag.cmd.push;3
googletag.defineslot;2
googletag.destroyslots;2
googletag.display;2
googletag.enableservices;2
googletag.pubads;2
gps;614
gpt.js;2
grandmother;1
grandmothers;1
graphic;4
graphicdesign.stackexchange.com;2
graphics;2
gravatar;4
gravatar32;5
great;4
grid;121
ground;1
group;3
groups;4
gs16;2
gs2;4
gs4;12
gs8;12
gsx;6
gsy;22
gt;14
guest;4
guidance;2
guide;2
guidelines;2
gure;1
h;19
h.hasattribute;2
h.setattribute;4
h1;4
h2;9
h3;6
h4;2
h5;8
hacked;2
had;3
hak;1
handler's;1
handlers;1
handling;3
happen;1
happens;2
hardware;6
hase;1
hashes;2
hausa;1
have;24
hawai;1
head;6
header;19
heading;4
headline1;2
heartbeattype;2
height;58
hello;10
helloworld.jsp;2
helloworldaction;6
helloworldaction.class;1
helloworldaction.java;1
helloworldstruts1;1
helloworldstruts2;1
helloworldstruts4;1
helloworldstruts5;1
help;32
help.en.js;2
help_popup.click;10
hence;2
here;13
hesen;1
hibernate;3
hidden;102
higher;2
highest;2
highlightcolor;2
hindi;1
hireme;2
hiring;2
hiyaw;1
home;11
hornjoserbsce;1
hosted;1
hosts;1
hot;8
how;41
hr;1
hr_interview_questions;1
href;546
hrvatski;2
html;8
html__responsive;2
htmlform;1
htmlpage;7
htmlpage.java;1
htmlpasswordinput;3
htmlsubmitinput;3
htmltextinput;5
htmlunit;45
htmlunit_fastbuild;1
http;14
httprequestsexample;1
httprequestsexample.java;2
httprequestsexample.main;1
httprequestsexample.tremorlogin;1
https;419
huatlaht;1
human;2
husband;1
hyperlink;75
i;90
i'd;1
i.next;1
ias;1
ibw8dg;1
icon;74
icon.png;4
iconachievements;2
iconarrowleftalt;2
iconclear;6
iconclearsm;2
iconfacebook;2
iconglobe;2
icongoogle;2
iconhelp;2
iconinbox;2
iconlogoglyphmd;2
iconlogoglyphxsm;2
iconplus;2
iconrss;2
icons;8
iconsearch;4
iconstackexchange;2
id;138
ide;1
identicon;2
idhlig;1
idiomas;1
ido;1
idp;1
ids;2
ie;8
ie8;2
ie9;1
igbo;1
ilokano;1
image;10
image_src;2
images;14
imageuploader;2
imaginary;2
img;23
imgloader;1
imgur;2
imgur.com;2
implement;2
implementation;2
important;1
improve;6
improvement;4
improvements;4
ina;4
inbox;6
inc;2
include;4
including;1
income;2
incompatibility;2
independent;2
index;2
index.htm;7
index.jsp;1
index.php;3
indicator;4
indonesia;2
ineligible:g.filter;2
inf;4
info;8
inform;2
information;13
initial;4
inittagrenderer;2
initwebclient;6
inline;7
inline_signup_hero;2
inner;2
input;21
inquisitive;4
insertspaceafternametabcompletion;2
inset;1
inside;1
instances;2
instead;1
instrument;2
int;2
integers;2
integration;2
integrations;1
interact;1
interaction;3
interceptors;5
interest;2
interested;12
interlingua;1
interlingue;1
interview;1
intraspecies;2
inuktitut;1
inverse;1
invoked;1
ioexception;2
ios;5
is_current:false;10
is_current:true;2
isanonymous;2
isanonymousnetworkwide;2
isb;6
isixhosa;1
isizulu;1
isnoticestabenabled;2
iso;1
issue;2
italiano;3
item;244
item_type;124
itemprop;20
itemscope;6
itemtype;6
iterator;1
its;4
ivc;2
j;3
j_password;3
j_username;3
japanese;4
japanese.stackexchange.com;2
java;65
java.sun.com;1
java.util.logging.consolehandler;1
javaee;1
javamail;2
javascript;7
javascript.en.js;2
javascript:void;7
jawa;1
jc;14
jewish;2
jobpreferences;2
jobs;19
jpg;4
jquery;2
jquery.min.js;2
js;534
jsp;4
jsps;1
judaism.stackexchange.com;2
just;1
k;10
kalaallisut;1
kapampangan;1
kasz;1
keep;1
kernewek;1
key;17
keyboard;2
kh;1
kinyarwanda;1
kirundi;1
kiswahili;1
knowledge;5
kompletna;1
kongo;1
konknni;1
krey;1
kt;2
kurd;1
l;19
l0;2
l100;2
la;3
label;41
lang;4
language;18
languages;3
langues;1
large;14
lastactivity;4
lastsuccessful;1
latest;3
latex;6
latga;1
latina;2
latvie;1
law;6
law.stackexchange.com;2
layering;1
layout;16
lb;6
leaderboard;2
leak;2
learn;11
learners;4
learning;12
learnt;1
leboa;1
left;44
leftnav;6
legal;22
legallinksshown;2
length;4
let;5
lets;1
level;4
lg;5
lh;2
li;253
li.heading;1
lib;5
library;2
libs;4
license;5
licensed;4
licenses;4
lietuvi;2
life;10
lifearts;2
light;4
like;10
likedtagsmaxlength;2
limburgs;1
limit;2
lines;1
ling;1
linguists;4
lingvoj;1
link;490
link__inherit;8
linkedin;5
linkedin.com;2
linkedinicon.jpg;1
links;24
linux;4
list;59
list.primary;1
lista;1
literate;2
lives;2
living;2
lli;1
load:w;2
loading;1
loc;1
locale;2
localization;3
location;278
location.hostname;2
location.pathname;4
log;7
logged;3
logging;2
logging.properties;1
logic;3
login;62
loginf;3
logo;10
logo.jpg;1
logo.png;1
lojban;1
long;4
look;1
looking;1
looks;2
loop;2
loops;2
lsep;4
lt;8
ltr;3
luganda;1
lumbaart;1
lzisch;1
m;29
m.parentnode.insertbefore;2
m0;2
m1;4
m1.88;2
m10;2
m10.58;2
m12;2
m12.86;4
m14;2
m15;8
m15.19;2
m16.51;2
m23.1;2
m26;2
m4.5;2
m5;2
m8.98;4
m9;4
machine;6
magento;4
magento.stackexchange.com;2
magnifying;1
magyar;2
main;17
mainbar;2
mainmenu;1
maintaining;2
maintenance;2
make;6
making;4
malagasy;1
malformedurlexception;2
malti;1
manga;4
manual;4
map;3
mapped;1
mapping;3
margin;4
markup.js;2
match;1
materials;1
math;3
math.stackexchange.com;3
mathematica;6
mathematica.stackexchange.com;3
mathematicians;4
mathematics;3
mathoverflow;6
mathoverflow.net;4
maximum;3
maxlength;6
maxnumdeveloperroles;2
maxnumindustries;2
maybe;1
mb0;56
mb24;2
mb4;4
mb8;6
md;9
md:d;2
md:fd;2
md:w;4
meal;4
meaning;4
means;3
mechanics;2
mechanics.stackexchange.com;2
med;2
mediawiki;1
meeting;1
mega;1
megiella;1
melayu;2
memory;2
menu;19
merge;4
message;9
messages;4
meta;13
meta.stackexchange.com;4
meta.stackoverflow.com;6
method;20
methods;2
mi;2
middle;1
might;2
min;5
min.css;1
min.js;1
minangkabau;2
mincompletebodylength;2
mini;2
minimum;2
mining;2
mirand;1
miuixnyiaaaaag229aecaaaaagaaaaazaaaafgphdmf8d2viy2xpzw50fgh0bwx1bml0fabfolral;1
ml8;4
mlb;10
mln24;2
moa;1
mobile;6
mobile.en.js;2
modal;8
model;1
moderator.en.js;2
modern;2
modify;1
module;8
money;6
money.stackexchange.com;4
months;4
more;36
most;1
motor;2
motorcycles;2
move;4
movie;2
movies;4
movies.stackexchange.com;3
mr12;2
mr16;4
mt;2
mt16;4
mt24;2
mt4;2
mtatarca;1
multiple;2
multithreading;2
mushroom;4
music;2
music.stackexchange.com;2
musicians;2
mvc;3
mx;2
my;10
my16;2
mysidenav;4
n;16
na;1
name;170
named;1
naoero;1
native;6
natural;2
nature;2
nav;63
navbar;1
navigation;8
nbsp;14
ne;1
neashce;1
nederlands;2
nedersaksisch;1
need;7
needs;1
nested;2
netmeeting.php;1
neto;1
network;14
networkengineering.stackexchange.com;2
networkmetahostname;2
never;4
new;40
news;2
newsletter;3
newsresponse;1
next;4
ng;8
niven;2
nnapulitano;1
nofollow;12
nomodals;2
non;4
none;23
nordfriisk;1
noreferrer;1
norfuk;1
normaund;1
norsk;3
noscript;8
notes;1
notice;15
notice__danger;2
notice__warning;2
notify;2
notranslate;7
noun;1
nouormand;1
novial;1
now;5
nowrap;2
ns;1
null;32
nxt;2
nynorsk;1
o;21
object;1
object.keys;4
observesize;2
occitan;1
off;22
officialstackoverflow;2
offset;1
og:description;2
og:image;2
og:locale;1
og:site_name;3
og:title;2
og:type;3
og:url;2
ognl;3
ohi;1
ol;5
old;2
oldest;6
onblur;2
onclick;15
ondemand;2
one;9
onfocus;2
online_dev_tools.htm;1
onload;1
opacity;2
open;3
openid;6
opennav;2
opensearch.xml;2
opensearchdescription;2
operating;4
opinion;4
option;5
options;2
orange;2
order;8
org.apache.catalina.core.containerbase;2
org.apache.struts2;2
organization;1
ori;1
oromoo;1
other;26
others;6
otherwise;1
otros;1
our;18
out;4
outcome;1
outline;2
overflow;49
overview;5
own;1
owner;2
owners;2
p;76
p0;6
p16;4
package;6
padding;10
page;43
pagead;5
pagead2;5
pageencoding;1
pages;6
pagesource;2
palash;3
pangasin;1
paper;2
papiamentu;1
parallelism;2
parsing;2
part;1
particular;2
pass;3
passionate;2
password;8
passwordinput;2
passwordinput.settext;2
past;2
path;8
pathfinder;2
pattern;1
pattern.png;1
pay;2
paying;2
pb0;4
pdf;1
peer;2
pencil;2
people;14
permalink;4
personal;8
pf;1
pg;2
philosophy;2
philosophy.stackexchange.com;2
photo.stackexchange.com;2
photographers;2
photography;2
photos;1
physics;6
physics.stackexchange.com;3
pi;4
picard;1
piemont;1
pills;2
pinned;2
pisin;1
pitkern;1
pixel;2
pixel.quantserve.com;2
pl8;8
place;2
placeholder;12
placement;5
planet;2
planning;2
plant;4
plants;4
platform;4
platforms;2
plattd;1
play;1
players;2
playing;9
please;8
plus.google.com;2
png;2
point;3
pointer;3
points;2
policies;4
policy;28
politics;2
politics.stackexchange.com;1
polski;3
popup;1
portions;4
portugu;5
position:absolute;1
positive;2
possible;5
post;96
postcell;2
posteditionsection;2
postfix;2
posting;2
posts;8
posts_hot_network.click;52
posttype;2
postvalidation;2
power;10
pr32;2
pr4;4
practice;2
practices;1
practitioners;4
pre;2
preceded;1
predefined;1
preferences;2
prefilled;2
prefix;2
present;3
press;4
pressure;2
prettify;4
prettyprint;8
preview;4
previous;2
previously;2
primary;13
primaryimageofpage;2
principles;2
print;4
printers;2
printing;2
printpage.cgi;1
privacy;17
private;11
privileges;2
pro;2
problem;1
proceed;1
processing;6
processor;2
profesionales;2
professional;12
professionals;18
profissionais;2
profit;1
programadores;4
programmatic;2
programmer;2
programmers;4
programming;5
programming_examples;1
project;16
project's;1
projects;1
property;20
proposing;2
protect;2
protected;2
protocol;2
provide;4
provided;2
ps;26
pt.stackoverflow.com;2
pt4;6
pt8;4
public;20
pull;4
purposes;4
push;1
put;1
puzzle;2
puzzles;5
puzzling;2
puzzling.stackexchange.com;2
py8;4
q;37
qacct;2
qapage;2
qaraqalpaqsha;1
qazaq;2
qc;4
qc.async;2
qc.src;2
qinfo;2
qlist.en.js;2
qualitybanwarningshown;4
querying;2
question;125
question_page;2
questionid;4
questions;140
questions_and_answers.htm;1
quick;3
quickly;2
quot;118
quote;1
r;19
r0;2
r12;2
random;2
range;3
raspberry;4
raspberrypi.stackexchange.com;2
rating;2
rbaycanca;2
re;1
read;4
reading;1
ready;3
reality;2
received;2
recent;4
recommendations;4
recreation;8
recursively;2
reddit.com;1
reddit.jpg;1
ref;4
reference;1
references;4
referrer;2
refused;4
regarding;1
regards;1
rel;41
related;22
relationship;2
relative;22
relativetime;6
remaining;4
remove;2
render;3
rendered;2
reo;1
rep;6
repair;4
repeat;1
reputation;9
reputationtopostimages;2
request;3
required;12
requires;1
research;8
researchers;10
reserved;1
resolved;1
resource;2
resources;5
respond;1
responding;4
responds;1
response;3
responsive;3
responsively;2
rest;1
result;7
results;2
resume;1
retrieve;2
return;55
return'dfp;2
return'string;2
return'undefined;2
returned;5
returns;4
returnurl;10
rev;2
reversible;2
review;4
review.en.js;2
reviews;2
revisions;1
revisions.en.js;2
revivify;2
right;21
right_obs;4
rightbar;1
rightgooglead;3
rights;1
ringworld;2
ripoarisch;1
rk;2
rkmen;1
ro;1
road;2
rogues;4
role;30
rom;2
romani;1
room;8
root;1
routename;2
routing;1
row;4
rows;2
royskt;1
rpg;5
rpg.stackexchange.com;7
rq;2
ru.stackoverflow.com;2
rumagn;1
rumantsch;1
rumgejuxe;2
run;4
runa;1
running;4
s;130
s.createelement;2
s.getelementsbytagname;2
s.parentnode.insertbefore;4
s:property;1
sa;9
safe;1
salary;2
salesforce;4
salesforce.stackexchange.com;2
same;9
sans;4
sardu;1
saved;6
saying;1
sb;8
sb:function;2
sc;4
sc.async;2
sc.src;2
scalable;1
scale;5
schedule;2
schema.org;6
school;17
schools;2
science;28
scientific;2
scientists;4
scifi.stackexchange.com;2
score;27
scots;1
screen;2
screens;1
script;17
scripts;3
se;4
search;24
searchbar;8
searchform;1
seasoned;4
second;1
secondary;4
secondpage;2
secondpage.asxml;1
section;2
secure;2
security;6
security.stackexchange.com;3
see;8
seeking;2
seeltersk;1
seems;1
sees;1
select;3
selected;4
selects;1
send;3
senders;2
sending;3
sendtitles;2
sent;1
sep;3
separator;4
series;2
serif;1
serious;4
seriously;4
serve;1
server;3
serverfault;2
serverfault.com;2
servertime;2
service;8
servlet;1
sesotho;2
session;1
set;6
setcookiesenabled;3
setcssenabled;1
setjavascriptenabled;3
setname;1
setredirectenabled;1
setswana;1
setter;1
setthrowexceptiononfailingstatuscode;1
setthrowexceptiononscripterror;3
settings;2
setup;3
setuseinsecuressl;2
setvalueattribute;2
severe;1
shape;2
shaped;4
share;13
sharealike;1
shared;4
sharepoint;4
sharepoint.stackexchange.com;2
sharer;4
sharer.php;1
shelves;4
ships;2
short;10
shortcut;9
shortcuts.en.js;2
should;2
show;30
show_ads.js;5
showanswerhelp:true;2
showlowrepimageuploadwarning;2
shown;5
showncommentcount;2
shows;2
shqip;1
sicilianu;1
side;1
sidebar;33
sidenav;1
sidenav.click;2
sign;28
signal;4
signature;5
signup;4
simi;1
simple;10
simply;1
since;1
single;4
sinking;2
sinugboanong;2
siswati;1
site;118
site.switch;50
site_switcher;4
site_switcher.click;10
site_switcher.show;2
sites;26
siteswitcher;2
size;5
sizes:c;2
sizing:border;2
skeleton;1
skepticism;2
skeptics;2
skeptics.stackexchange.com;2
skewed;4
skills;2
sleft;10
slotrenderended;2
slots;2
sloven;4
slower;2
sm;9
small;4
smart;2
sneak;4
snippet;6
snippets;10
so;14
social;1
software;17
softwareengineering;1
softwareengineering.stackexchange.com;3
softwarerecs.stackexchange.com;2
solid;4
solve;2
some;6
something;3
soomaaliga;1
source;4
space;12
space.stackexchange.com;1
spacer;22
span;55
speak;4
speakers;2
special;1
specialists;2
species;1
specific;5
specified;1
specifies;1
split;2
sponsorship;4
sprachen;1
spreadsheet;1
spring;3
sql;2
sr.no;1
sranantongo;1
src;36
sreading;1
srpski;2
srpskohrvatski;2
ssl;21
ssrc;10
st;2
stack;120
stackapps.com;2
stackauth.com;2
stackauthurl;2
stackexchange;4
stackexchange.com;22
stackexchange.ga.init;2
stackexchange.ga.setdimension;4
stackexchange.ga.trackpageview;2
stackexchange.gps.init;2
stackexchange.gps.trackoutboundclicks;2
stackexchange.helpers.onclickdraftsave;2
stackexchange.ifusing;2
stackexchange.init;2
stackexchange.notice.tooltipinit;2
stackexchange.openid.initpostlogin;2
stackexchange.postvalidation.initonblurandsubmit;2
stackexchange.prepareeditor;2
stackexchange.question.init;2
stackexchange.ready;14
stackexchange.realtime.subscribetoquestion;2
stackexchange.responsiveness.addswitcher;2
stackexchange.scrollpadding.setpaddingtop;2
stackexchange.snippets.init;2
stackexchange.snippets.initsnippetrenderer;2
stackexchange.switchmobile;2
stackexchange.topbar.init;2
stackexchange.using;16
stackexchange.using.setcachebreakers;2
stackexchangemeta;2
stackoverflow;17
stackoverflow.blog;14
stackoverflow.com;79
stackoverflowmeta;2
stacks;4
stacks.css;2
stalled;2
stalled.gif;2
standard;1
star;2
start;14
started;6
starting;1
starts;3
state;4
statements;4
static;10
statistics;2
stats;2
stats.stackexchange.com;2
status;9
stdout;1
step;1
steps;1
sticky;4
stop;10
store;2
store.tutorialspoint.com;1
storing;2
story;2
string;21
struts;26
struts.properties;1
struts.xml;8
struts2;36
struts4;1
struts5;1
struts_2;44
struts_actions.htm;1
struts_ajax_tags.htm;1
struts_annotations.htm;1
struts_architecture.htm;3
struts_configuration.htm;3
struts_control_tags.htm;1
struts_data_tags.htm;1
struts_database_access.htm;1
struts_discussion.htm;1
struts_environment_setup.htm;1
struts_examples.htm;4
struts_exception_handling.htm;1
struts_file_uploads.htm;1
struts_form_tags.htm;1
struts_hibernate.htm;1
struts_interceptors.htm;1
struts_localization.htm;1
struts_overview.htm;1
struts_questions_answers.htm;1
struts_quick_guide.htm;1
struts_result_types.htm;1
struts_sending_email.htm;1
struts_spring.htm;1
struts_themes_templates.htm;1
struts_tiles.htm;1
struts_type_conversion.htm;1
struts_useful_resources.htm;1
struts_validations.htm;1
struts_value_stack_ognl.htm;1
stsestotse;1
stub.en.js;2
students;20
study;4
studying;2
stumbleuponicon.jpg;1
sturts1;1
sturts2;1
style;43
style.display;3
style.width;3
stylecode;2
styles;2
stylesheet;6
sub;8
subheader;4
subject;2
submit;24
submitbutton;2
submitbutton.click;2
suggest;8
suitcase;1
summary;12
sunda;1
suomi;2
super;2
superuser.com;2
sure;4
svenska;2
svg;54
svgiconhash;2
svgiconpath;2
svnrev;2
swashbuckler;4
switcher;2
sysout;1
system;4
system.out.println;5
systems;8
t;14
t0;2
ta;6
tab;17
tabindex;14
table;2
tabletop;2
tabs;2
tag;33
tagalog;1
tageditor.en.js;2
tageditornew.en.js;2
tagged;23
taglib;3
taglist;2
tags;21
tagsuggestions.en.js;2
take;2
talent;4
taqbaylit;1
tarand;1
target;37
target_site;50
tatar;1
taxes;2
taylor;2
td;10
tea;2
teachers;4
team;10
teamcity;1
teams;18
teams.create.left;2
team’s;2
technical;2
technology;18
tell;1
tells;2
templates;5
term;4
terms;9
test;4
tetun;1
tex;8
tex.stackexchange.com;4
tex2jax_ignore;2
text;40
textarea;2
textbooks;1
textemail;2
textfield2;2
textfield3;2
textfieldname;1
textfieldname.setvalueattribute;1
textfieldpass;1
textfieldpass.setvalueattribute;1
th;3
than;4
thanos;2
them;4
theme;7
themes;3
themselves;2
theoretical;4
theory;2
this.clc;4
this.name;1
this.push;4
those;14
thousand;2
thread;4
threads;1
threshold;1
throws;6
ti;2
tica;2
tid;2
tie;1
tiles;3
time;7
times;2
tips;4
title;336
tlb;6
together;2
toggle;6
tok;1
tolerate;2
tomcat;1
tomcat's;1
tonga;1
toolbar;4
tools;2
tooltip;6
top;26
top_nav.click;12
topbar;16
topbar_help;2
tos;2
totalcommentcount;2
touch;8
tour;4
tp;5
track;608
tracker;6
trackingcodes;2
tradition;2
traffic;4
train;2
transitional;1
travel;11
travel.stackexchange.com;5
travelers;2
tremorlogin;2
trigger;14
trucks;2
true;103
try;7
trying;1
ts;5
tsb;12
tsch;1
tshiven;1
tt;4
tto;2
tut;1
tutor_connect;1
tutorial;2
tutorials;5
tutorialslibrary.htm;1
tutorialspoint;9
tutorialspoint.com;1
tutorialspointindia;1
tutors;1
tv;5
twi;1
twitter;5
twitter.com;3
twitter:app:country;2
twitter:app:id:googleplay;2
twitter:app:id:ipad;2
twitter:app:id:iphone;2
twitter:app:name:googleplay;2
twitter:app:name:ipad;2
twitter:app:name:iphone;2
twitter:app:url:googleplay;2
twitter:app:url:ipad;2
twitter:app:url:iphone;2
twitter:card;2
twitter:description;2
twitter:domain;2
twitter:title;2
twittericon.jpg;1
two;7
type;63
typeof;6
types;3
typesetting;2
tzebuergesch;1
u;11
u003c;6
u003e;10
u003ecc;2
ubuntu;5
ucvlbzhxvtitlivkegv7webg;1
ugi;1
ui;2
uk;2
ul;28
ul.nav;2
un;2
unavailable;4
unclear;2
under;11
underline;6
understand;4
understood;1
unexpectedly;2
unified;2
unified.css;2
universe;2
unix;2
unix.stackexchange.com;2
unlock;2
unpinned;2
unread;6
up;41
updated;2
upiak;1
uploads;3
uppercase;4
upsc;1
upsc_ias_exams.htm;1
upvotecount;4
urchin.js;1
urchintracker;1
uri;2
url;20
urls;1
us;15
usability;2
usable;1
usage;7
usd;1
use;24
used;2
useful;14
user;41
user's;3
user2904774;2
userinput;2
userinput.settext;2
userpassword;1
users;49
uses;2
using;40
utf;2
uws;1
ux.stackexchange.com;2
v;33
v4;1
v8;2
vaka;1
validated;2
validation;4
validation.en.js;2
validations;3
value;52
var;70
vehicle;2
veps;1
verb;2
version;5
vertical;1
very;1
vi;2
via;2
video;2
videogamers;2
videos;1
videotutorials;1
view;10
viewbox;36
viewed;2
viewlog.html;1
viewport;3
visa;2
visualization;2
viti;1
vlams;1
voci;1
voice;2
void;13
volap;2
vosa;1
vote;44
votecell;4
votes;28
vs;2
w;5
w50;4
wa;2
wagon;10
walon;1
want;5
wanting;2
war;3
warning;3
warriors;2
way;1
wb;2
wc;7
wc.getcookiemanager;4
wc.getoptions;5
wc.getpage;3
wc2;1
we;13
web;18
web.xml;5
webapps;1
webapps.stackexchange.com;2
webclient;48
webclient.getcookiemanager;1
webclient.getoptions;6
webclient.getpage;2
webcontent;5
webdriver;3
webmasters;4
webmasters.stackexchange.com;2
website;14
websites;2
weight;1
weitere;1
welcome;11
well;2
were;2
west;1
what;20
when;15
where;5
which;9
while;2
white;14
whiteboard;2
whiteboard.htm;1
who;16
why;14
width;59
wiki;2
wikibooks;1
wikidata;1
wikimedia;1
wikinews;1
wikipedia;5
wikiquote;1
wikisource;1
wikispecies;1
wikiversity;1
wikivoyage;1
wiktionary;1
win;1
winaray;2
window;2
window.clc_request;2
window.console.error;2
window.ga;2
window.innerwidth;1
window.open;6
window.screen.height;6
window.screen.width;6
wish;2
within;6
wmd;14
wmd.en.js;2
wmx8;2
wolfram;2
wolof;1
word;6
wording;4
wordpress;4
wordpress.stackexchange.com;2
words;2
work;6
working;8
workings;2
works;2
world;14
worldbuilding;12
worldbuilding.stackexchange.com;7
worlds;2
would;2
wrap;4
wraploader;1
wrapper;4
writers;2
writing;5
ws;2
ws2;2
wv;2
www.facebook.com;4
www.google;1
www.google.com;2
www.googletagservices.com;2
www.gravatar.com;2
www.linkedin.com;2
www.stackoverflowbusiness.com;8
www.stumbleupon.com;1
www.tutorialspoint.com;9
www.twitter.com;1
www.youtube.com;1
wz;8
x;7
x.al;2
x.dh.indexof;2
x.h;2
x.lib;2
xhref;6
xitsonga;1
xml;6
xmlns;1
xmlns:web;1
xmlns:xsi;1
xs;3
xsd;1
xsi:schemalocation;1
y;9
years;4
yes;2
yodeya;2
yor;1
you;32
you're;2
youarehere;4
your;41
yourself;1
youtube;3
z;10
z.length;2
z.push;2
zamboanga;1
zaphod;4
zazaki;1
zbekcha;2
ze;1
zone:b;2
zwis212;3
zyk;1
?????????????;2
2018-12-08T01:23:41.343881Z;-1
2018-12-08T01:23:41.347873Z;-1
2018-12-08T01:23:41.351872Z;-1
2018-12-08T01:23:41.354869Z;-1
UTF-8;-1
135832;-1
383245;-1
391778;-1
69776;-1
Wikipedia;-1
https://stackoverflow.com/questions/32814701/htmlunit-login-to-school-email-using-java-eclipse-with-https;-1
https://stackoverflow.com/questions/34314202/java-htmlunit-webclient-ssl-page;-1
https://www.tutorialspoint.com/struts_2/struts_examples.htm;-1
